Anchor Href,Constituency_id
index.php?action=show_candidates&constituency_id=45,45
index.php?action=show_candidates&constituency_id=49,49
index.php?action=show_candidates&constituency_id=53,53
index.php?action=show_candidates&constituency_id=52,52
index.php?action=show_candidates&constituency_id=50,50
index.php?action=show_candidates&constituency_id=51,51
index.php?action=show_candidates&constituency_id=41,41
index.php?action=show_candidates&constituency_id=8,8
index.php?action=show_candidates&constituency_id=9,9
index.php?action=show_candidates&constituency_id=10,10
index.php?action=show_candidates&constituency_id=11,11
index.php?action=show_candidates&constituency_id=39,39
index.php?action=show_candidates&constituency_id=38,38
index.php?action=show_candidates&constituency_id=37,37
index.php?action=show_candidates&constituency_id=25,25
index.php?action=show_candidates&constituency_id=18,18
index.php?action=show_candidates&constituency_id=20,20
index.php?action=show_candidates&constituency_id=21,21
index.php?action=show_candidates&constituency_id=19,19
index.php?action=show_candidates&constituency_id=29,29
index.php?action=show_candidates&constituency_id=44,44
index.php?action=show_candidates&constituency_id=58,58
index.php?action=show_candidates&constituency_id=59,59
index.php?action=show_candidates&constituency_id=60,60
index.php?action=show_candidates&constituency_id=42,42
index.php?action=show_candidates&constituency_id=43,43
index.php?action=show_candidates&constituency_id=28,28
index.php?action=show_candidates&constituency_id=36,36
index.php?action=show_candidates&constituency_id=16,16
index.php?action=show_candidates&constituency_id=17,17
index.php?action=show_candidates&constituency_id=46,46
index.php?action=show_candidates&constituency_id=48,48
index.php?action=show_candidates&constituency_id=47,47
index.php?action=show_candidates&constituency_id=12,12
index.php?action=show_candidates&constituency_id=14,14
index.php?action=show_candidates&constituency_id=13,13
index.php?action=show_candidates&constituency_id=15,15
index.php?action=show_candidates&constituency_id=33,33
index.php?action=show_candidates&constituency_id=35,35
index.php?action=show_candidates&constituency_id=32,32
index.php?action=show_candidates&constituency_id=1,1
index.php?action=show_candidates&constituency_id=3,3
index.php?action=show_candidates&constituency_id=2,2
index.php?action=show_candidates&constituency_id=57,57
index.php?action=show_candidates&constituency_id=55,55
index.php?action=show_candidates&constituency_id=56,56
index.php?action=show_candidates&constituency_id=54,54
index.php?action=show_candidates&constituency_id=40,40
index.php?action=show_candidates&constituency_id=34,34
index.php?action=show_candidates&constituency_id=24,24
index.php?action=show_candidates&constituency_id=26,26
index.php?action=show_candidates&constituency_id=22,22
index.php?action=show_candidates&constituency_id=23,23
index.php?action=show_candidates&constituency_id=7,7
index.php?action=show_candidates&constituency_id=4,4
index.php?action=show_candidates&constituency_id=5,5
index.php?action=show_candidates&constituency_id=6,6
index.php?action=show_candidates&constituency_id=31,31
index.php?action=show_candidates&constituency_id=30,30
index.php?action=show_candidates&constituency_id=27,27
